timestamp,feature,metrica,valor,umbral,severidad,accion_recomendada,ventana,performance_f1_macro,criterio,alert_key
2026-08-28 06:19:24.814224+00:00,brightness_mean,KS,0.112,0.1,Warning,Revisión manual y seguimiento reforzado.,W1,0.8143231444477278,0.10 <= D_KS < 0.20 y p_FDR < 0.05,1aa7939a51a7caba
2026-08-28 06:19:24.815040+00:00,b_mean,KS,0.134,0.1,Warning,Revisión manual y seguimiento reforzado.,W2,0.6992772957652785,0.10 <= D_KS < 0.20 y p_FDR < 0.05,ecb981c5b764309c
2026-08-28 06:19:24.815163+00:00,brightness_mean,PSI,0.1287813577949409,0.1,Warning,Revisión manual y seguimiento reforzado.,W2,0.6992772957652785,0.10 <= PSI < 0.20,57ee1766cc51651d
2026-08-28 06:19:24.815182+00:00,brightness_mean,KS,0.164,0.1,Warning,Revisión manual y seguimiento reforzado.,W2,0.6992772957652785,0.10 <= D_KS < 0.20 y p_FDR < 0.05,3911b19b4422a359
2026-08-28 06:19:24.815240+00:00,contrast_std,PSI,0.1200490700637537,0.1,Warning,Revisión manual y seguimiento reforzado.,W2,0.6992772957652785,0.10 <= PSI < 0.20,9205607cb12e2762
2026-08-28 06:19:24.815304+00:00,edge_density,PSI,0.1617125319184757,0.1,Warning,Revisión manual y seguimiento reforzado.,W2,0.6992772957652785,0.10 <= PSI < 0.20,787c15649476cc1f
2026-08-28 06:19:24.815327+00:00,edge_density,KS,0.12,0.1,Warning,Revisión manual y seguimiento reforzado.,W2,0.6992772957652785,0.10 <= D_KS < 0.20 y p_FDR < 0.05,726d8599ec879f26
2026-08-28 06:19:24.815384+00:00,entropy,PSI,0.1151581698450834,0.1,Warning,Revisión manual y seguimiento reforzado.,W2,0.6992772957652785,0.10 <= PSI < 0.20,6824bd9d903f1293
2026-08-28 06:19:24.815401+00:00,entropy,KS,0.118,0.1,Warning,Revisión manual y seguimiento reforzado.,W2,0.6992772957652785,0.10 <= D_KS < 0.20 y p_FDR < 0.05,fac16014aac6013a
2026-08-28 06:19:24.815555+00:00,g_std,PSI,0.1286453812957433,0.1,Warning,Revisión manual y seguimiento reforzado.,W2,0.6992772957652785,0.10 <= PSI < 0.20,79e908fd64c3cd4d
2026-08-28 06:19:24.815572+00:00,g_std,KS,0.108,0.1,Warning,Revisión manual y seguimiento reforzado.,W2,0.6992772957652785,0.10 <= D_KS < 0.20 y p_FDR < 0.05,452474795528b34a
2026-08-28 06:19:24.815629+00:00,h_mean,PSI,0.2767602714662562,0.2,Drift significativo,"Evaluar reentrenamiento, rollback o intervención semi-automática.",W2,0.6992772957652785,PSI >= 0.20,f0380af907751bc7
2026-08-28 06:19:24.815654+00:00,h_mean,KS,0.168,0.1,Warning,Revisión manual y seguimiento reforzado.,W2,0.6992772957652785,0.10 <= D_KS < 0.20 y p_FDR < 0.05,ef1a9a71ca1aae34
2026-08-28 06:19:24.815725+00:00,laplacian_variance,PSI,0.2164409183207375,0.2,Drift significativo,"Evaluar reentrenamiento, rollback o intervención semi-automática.",W2,0.6992772957652785,PSI >= 0.20,0337491c15117b99
2026-08-28 06:19:24.815743+00:00,laplacian_variance,KS,0.232,0.2,Drift significativo,"Evaluar reentrenamiento, rollback o intervención semi-automática.",W2,0.6992772957652785,D_KS >= 0.20 y p_FDR < 0.05,3f1f8e1e079747a5
2026-08-28 06:19:24.815804+00:00,r_mean,KS,0.138,0.1,Warning,Revisión manual y seguimiento reforzado.,W2,0.6992772957652785,0.10 <= D_KS < 0.20 y p_FDR < 0.05,8f93776e5230a451
2026-08-28 06:19:24.815915+00:00,s_mean,PSI,0.1166034705103419,0.1,Warning,Revisión manual y seguimiento reforzado.,W2,0.6992772957652785,0.10 <= PSI < 0.20,a82c9448d0462646
2026-08-28 06:19:24.815932+00:00,s_mean,KS,0.128,0.1,Warning,Revisión manual y seguimiento reforzado.,W2,0.6992772957652785,0.10 <= D_KS < 0.20 y p_FDR < 0.05,fe9d491073033373
2026-08-28 06:19:24.815985+00:00,v_mean,PSI,0.1053165433650598,0.1,Warning,Revisión manual y seguimiento reforzado.,W2,0.6992772957652785,0.10 <= PSI < 0.20,00a252009c060718
2026-08-28 06:19:24.816001+00:00,v_mean,KS,0.152,0.1,Warning,Revisión manual y seguimiento reforzado.,W2,0.6992772957652785,0.10 <= D_KS < 0.20 y p_FDR < 0.05,1490b31e9edabfb6
2026-08-28 06:19:24.816058+00:00,TARGET,Cramers_V,0.1572387887020981,0.1,Warning,Revisión manual y seguimiento reforzado.,W3,0.536040979213176,0.10 <= Cramers_V < 0.30 y p_FDR < 0.05,0901615368605059
2026-08-28 06:19:24.816119+00:00,b_mean,KS,0.14,0.1,Warning,Revisión manual y seguimiento reforzado.,W3,0.536040979213176,0.10 <= D_KS < 0.20 y p_FDR < 0.05,23b54f23f7bb13c7
2026-08-28 06:19:24.816173+00:00,b_std,PSI,0.1679910941735176,0.1,Warning,Revisión manual y seguimiento reforzado.,W3,0.536040979213176,0.10 <= PSI < 0.20,2b8c901eeb31e792
2026-08-28 06:19:24.816189+00:00,b_std,KS,0.178,0.1,Warning,Revisión manual y seguimiento reforzado.,W3,0.536040979213176,0.10 <= D_KS < 0.20 y p_FDR < 0.05,bb6bb498302290e8
2026-08-28 06:19:24.816242+00:00,brightness_mean,PSI,0.2327438542944004,0.2,Drift significativo,"Evaluar reentrenamiento, rollback o intervención semi-automática.",W3,0.536040979213176,PSI >= 0.20,0437e78402722028
2026-08-28 06:19:24.816258+00:00,brightness_mean,KS,0.234,0.2,Drift significativo,"Evaluar reentrenamiento, rollback o intervención semi-automática.",W3,0.536040979213176,D_KS >= 0.20 y p_FDR < 0.05,ebea6c6dc3b189ab
2026-08-28 06:19:24.816317+00:00,contrast_std,PSI,0.2025773421988277,0.2,Drift significativo,"Evaluar reentrenamiento, rollback o intervención semi-automática.",W3,0.536040979213176,PSI >= 0.20,a1afa9d7a9debab3
2026-08-28 06:19:24.816333+00:00,contrast_std,KS,0.154,0.1,Warning,Revisión manual y seguimiento reforzado.,W3,0.536040979213176,0.10 <= D_KS < 0.20 y p_FDR < 0.05,20c1cbdf7fb2ccbb
2026-08-28 06:19:24.816386+00:00,edge_density,PSI,1.461186075392079,0.2,Drift significativo,"Evaluar reentrenamiento, rollback o intervención semi-automática.",W3,0.536040979213176,PSI >= 0.20,f1c60b5706b6abaa
2026-08-28 06:19:24.816401+00:00,edge_density,KS,0.204,0.2,Drift significativo,"Evaluar reentrenamiento, rollback o intervención semi-automática.",W3,0.536040979213176,D_KS >= 0.20 y p_FDR < 0.05,d06084a7228049a1
2026-08-28 06:19:24.816455+00:00,entropy,PSI,0.5120807815449563,0.2,Drift significativo,"Evaluar reentrenamiento, rollback o intervención semi-automática.",W3,0.536040979213176,PSI >= 0.20,1d41f725d34fc8fa
2026-08-28 06:19:24.816471+00:00,entropy,KS,0.224,0.2,Drift significativo,"Evaluar reentrenamiento, rollback o intervención semi-automática.",W3,0.536040979213176,D_KS >= 0.20 y p_FDR < 0.05,2d263fd349929a89
2026-08-28 06:19:24.816523+00:00,excess_green,PSI,0.3444652607105042,0.2,Drift significativo,"Evaluar reentrenamiento, rollback o intervención semi-automática.",W3,0.536040979213176,PSI >= 0.20,575b8792213a4875
2026-08-28 06:19:24.816539+00:00,excess_green,KS,0.186,0.1,Warning,Revisión manual y seguimiento reforzado.,W3,0.536040979213176,0.10 <= D_KS < 0.20 y p_FDR < 0.05,b77814267af0d625
2026-08-28 06:19:24.816592+00:00,g_mean,PSI,0.1249442674052957,0.1,Warning,Revisión manual y seguimiento reforzado.,W3,0.536040979213176,0.10 <= PSI < 0.20,667f27e2e7ee9daa
2026-08-28 06:19:24.816608+00:00,g_mean,KS,0.132,0.1,Warning,Revisión manual y seguimiento reforzado.,W3,0.536040979213176,0.10 <= D_KS < 0.20 y p_FDR < 0.05,8e88f2f51bf75265
2026-08-28 06:19:24.816679+00:00,g_std,PSI,0.2881243158678617,0.2,Drift significativo,"Evaluar reentrenamiento, rollback o intervención semi-automática.",W3,0.536040979213176,PSI >= 0.20,1e4678084da28446
2026-08-28 06:19:24.816697+00:00,g_std,KS,0.206,0.2,Drift significativo,"Evaluar reentrenamiento, rollback o intervención semi-automática.",W3,0.536040979213176,D_KS >= 0.20 y p_FDR < 0.05,7540445e99093366
2026-08-28 06:19:24.816753+00:00,h_mean,PSI,1.3053994218274108,0.2,Drift significativo,"Evaluar reentrenamiento, rollback o intervención semi-automática.",W3,0.536040979213176,PSI >= 0.20,c6d0bd60afd99231
2026-08-28 06:19:24.816768+00:00,h_mean,KS,0.364,0.2,Drift significativo,"Evaluar reentrenamiento, rollback o intervención semi-automática.",W3,0.536040979213176,D_KS >= 0.20 y p_FDR < 0.05,2be37ecf5fedc7e4
2026-08-28 06:19:24.816821+00:00,laplacian_variance,PSI,0.7717437780392585,0.2,Drift significativo,"Evaluar reentrenamiento, rollback o intervención semi-automática.",W3,0.536040979213176,PSI >= 0.20,8c4aaaa5bc84e590
2026-08-28 06:19:24.816836+00:00,laplacian_variance,KS,0.444,0.2,Drift significativo,"Evaluar reentrenamiento, rollback o intervención semi-automática.",W3,0.536040979213176,D_KS >= 0.20 y p_FDR < 0.05,c274a92926d5a702
2026-08-28 06:19:24.816888+00:00,r_mean,PSI,0.198225513841065,0.1,Warning,Revisión manual y seguimiento reforzado.,W3,0.536040979213176,0.10 <= PSI < 0.20,448c0f006ded68b9
2026-08-28 06:19:24.816903+00:00,r_mean,KS,0.194,0.1,Warning,Revisión manual y seguimiento reforzado.,W3,0.536040979213176,0.10 <= D_KS < 0.20 y p_FDR < 0.05,6dc529ef0276219b
2026-08-28 06:19:24.816957+00:00,r_std,PSI,0.1283579549630995,0.1,Warning,Revisión manual y seguimiento reforzado.,W3,0.536040979213176,0.10 <= PSI < 0.20,6ee5de216cf439ac
2026-08-28 06:19:24.816973+00:00,r_std,KS,0.104,0.1,Warning,Revisión manual y seguimiento reforzado.,W3,0.536040979213176,0.10 <= D_KS < 0.20 y p_FDR < 0.05,92a34d31861c28cc
2026-08-28 06:19:24.817026+00:00,s_mean,PSI,0.1181485460984354,0.1,Warning,Revisión manual y seguimiento reforzado.,W3,0.536040979213176,0.10 <= PSI < 0.20,0a078c6e79198914
2026-08-28 06:19:24.817042+00:00,s_mean,KS,0.114,0.1,Warning,Revisión manual y seguimiento reforzado.,W3,0.536040979213176,0.10 <= D_KS < 0.20 y p_FDR < 0.05,8c4a5038d65fc3bc
2026-08-28 06:19:24.817095+00:00,v_mean,PSI,0.3563220147207687,0.2,Drift significativo,"Evaluar reentrenamiento, rollback o intervención semi-automática.",W3,0.536040979213176,PSI >= 0.20,56d55c1b8faa78e7
2026-08-28 06:19:24.817110+00:00,v_mean,KS,0.23,0.2,Drift significativo,"Evaluar reentrenamiento, rollback o intervención semi-automática.",W3,0.536040979213176,D_KS >= 0.20 y p_FDR < 0.05,df8969bd32f85363
2026-08-28 06:19:24.817167+00:00,TARGET,Cramers_V,0.2225695056920936,0.1,Warning,Revisión manual y seguimiento reforzado.,W4,0.2778529106665682,0.10 <= Cramers_V < 0.30 y p_FDR < 0.05,00fc42723357ed8e
2026-08-28 06:19:24.817223+00:00,b_mean,PSI,0.2560683504627631,0.2,Drift significativo,"Evaluar reentrenamiento, rollback o intervención semi-automática.",W4,0.2778529106665682,PSI >= 0.20,bbabbbd188c348a7
2026-08-28 06:19:24.817239+00:00,b_mean,KS,0.208,0.2,Drift significativo,"Evaluar reentrenamiento, rollback o intervención semi-automática.",W4,0.2778529106665682,D_KS >= 0.20 y p_FDR < 0.05,54d890e661419d9e
2026-08-28 06:19:24.817292+00:00,b_std,PSI,0.6084651739170531,0.2,Drift significativo,"Evaluar reentrenamiento, rollback o intervención semi-automática.",W4,0.2778529106665682,PSI >= 0.20,4f273d55a973db14
2026-08-28 06:19:24.817308+00:00,b_std,KS,0.326,0.2,Drift significativo,"Evaluar reentrenamiento, rollback o intervención semi-automática.",W4,0.2778529106665682,D_KS >= 0.20 y p_FDR < 0.05,c630512f4e5dca30
2026-08-28 06:19:24.817361+00:00,brightness_mean,PSI,0.6649605957033764,0.2,Drift significativo,"Evaluar reentrenamiento, rollback o intervención semi-automática.",W4,0.2778529106665682,PSI >= 0.20,5485a7abe1a46b0d
2026-08-28 06:19:24.817377+00:00,brightness_mean,KS,0.328,0.2,Drift significativo,"Evaluar reentrenamiento, rollback o intervención semi-automática.",W4,0.2778529106665682,D_KS >= 0.20 y p_FDR < 0.05,965b6b3805a0eba6
2026-08-28 06:19:24.817430+00:00,contrast_std,PSI,0.5415908290384663,0.2,Drift significativo,"Evaluar reentrenamiento, rollback o intervención semi-automática.",W4,0.2778529106665682,PSI >= 0.20,e61877149e9e7fa9
2026-08-28 06:19:24.817445+00:00,contrast_std,KS,0.266,0.2,Drift significativo,"Evaluar reentrenamiento, rollback o intervención semi-automática.",W4,0.2778529106665682,D_KS >= 0.20 y p_FDR < 0.05,a1a501daf6902ef0
2026-08-28 06:19:24.817496+00:00,edge_density,PSI,3.986665599487426,0.2,Drift significativo,"Evaluar reentrenamiento, rollback o intervención semi-automática.",W4,0.2778529106665682,PSI >= 0.20,507301be1560c27a
2026-08-28 06:19:24.817511+00:00,edge_density,KS,0.37,0.2,Drift significativo,"Evaluar reentrenamiento, rollback o intervención semi-automática.",W4,0.2778529106665682,D_KS >= 0.20 y p_FDR < 0.05,99763e62bda22774
2026-08-28 06:19:24.817563+00:00,entropy,PSI,2.95616762181223,0.2,Drift significativo,"Evaluar reentrenamiento, rollback o intervención semi-automática.",W4,0.2778529106665682,PSI >= 0.20,5ececeb264b879a6
2026-08-28 06:19:24.817579+00:00,entropy,KS,0.368,0.2,Drift significativo,"Evaluar reentrenamiento, rollback o intervención semi-automática.",W4,0.2778529106665682,D_KS >= 0.20 y p_FDR < 0.05,8a34014476e3b207
2026-08-28 06:19:24.817629+00:00,excess_green,PSI,0.7212675242212796,0.2,Drift significativo,"Evaluar reentrenamiento, rollback o intervención semi-automática.",W4,0.2778529106665682,PSI >= 0.20,9c746fe825345c56
2026-08-28 06:19:24.817650+00:00,excess_green,KS,0.318,0.2,Drift significativo,"Evaluar reentrenamiento, rollback o intervención semi-automática.",W4,0.2778529106665682,D_KS >= 0.20 y p_FDR < 0.05,519bc3804645b5d8
2026-08-28 06:19:24.817718+00:00,g_mean,PSI,0.4609861782371252,0.2,Drift significativo,"Evaluar reentrenamiento, rollback o intervención semi-automática.",W4,0.2778529106665682,PSI >= 0.20,f866ea0de5e6199d
2026-08-28 06:19:24.817734+00:00,g_mean,KS,0.284,0.2,Drift significativo,"Evaluar reentrenamiento, rollback o intervención semi-automática.",W4,0.2778529106665682,D_KS >= 0.20 y p_FDR < 0.05,523556cc5b2f899f
2026-08-28 06:19:24.817787+00:00,g_std,PSI,0.8006905578113759,0.2,Drift significativo,"Evaluar reentrenamiento, rollback o intervención semi-automática.",W4,0.2778529106665682,PSI >= 0.20,98ab425e143aac1d
2026-08-28 06:19:24.817802+00:00,g_std,KS,0.314,0.2,Drift significativo,"Evaluar reentrenamiento, rollback o intervención semi-automática.",W4,0.2778529106665682,D_KS >= 0.20 y p_FDR < 0.05,753f8ac8bf8a5c50
2026-08-28 06:19:24.817854+00:00,h_mean,PSI,2.4771238178259454,0.2,Drift significativo,"Evaluar reentrenamiento, rollback o intervención semi-automática.",W4,0.2778529106665682,PSI >= 0.20,080776e589da7160
2026-08-28 06:19:24.817869+00:00,h_mean,KS,0.512,0.2,Drift significativo,"Evaluar reentrenamiento, rollback o intervención semi-automática.",W4,0.2778529106665682,D_KS >= 0.20 y p_FDR < 0.05,46d1d177f250582f
2026-08-28 06:19:24.817921+00:00,laplacian_variance,PSI,1.789289249821858,0.2,Drift significativo,"Evaluar reentrenamiento, rollback o intervención semi-automática.",W4,0.2778529106665682,PSI >= 0.20,9352cd5ba56482ff
2026-08-28 06:19:24.817936+00:00,laplacian_variance,KS,0.598,0.2,Drift significativo,"Evaluar reentrenamiento, rollback o intervención semi-automática.",W4,0.2778529106665682,D_KS >= 0.20 y p_FDR < 0.05,cbcf66df1d20a468
2026-08-28 06:19:24.817988+00:00,r_mean,PSI,0.6736540788861038,0.2,Drift significativo,"Evaluar reentrenamiento, rollback o intervención semi-automática.",W4,0.2778529106665682,PSI >= 0.20,a67442481431d7bf
2026-08-28 06:19:24.818003+00:00,r_mean,KS,0.31,0.2,Drift significativo,"Evaluar reentrenamiento, rollback o intervención semi-automática.",W4,0.2778529106665682,D_KS >= 0.20 y p_FDR < 0.05,7463331aedae28f3
2026-08-28 06:19:24.818055+00:00,r_std,PSI,0.6699687319950168,0.2,Drift significativo,"Evaluar reentrenamiento, rollback o intervención semi-automática.",W4,0.2778529106665682,PSI >= 0.20,0e8d2ce209a9f10a
2026-08-28 06:19:24.818070+00:00,r_std,KS,0.274,0.2,Drift significativo,"Evaluar reentrenamiento, rollback o intervención semi-automática.",W4,0.2778529106665682,D_KS >= 0.20 y p_FDR < 0.05,c11d2bbc7b89ead0
2026-08-28 06:19:24.818123+00:00,s_mean,PSI,0.2151634493908819,0.2,Drift significativo,"Evaluar reentrenamiento, rollback o intervención semi-automática.",W4,0.2778529106665682,PSI >= 0.20,7ff4e0239fa1c43c
2026-08-28 06:19:24.818138+00:00,s_mean,KS,0.184,0.1,Warning,Revisión manual y seguimiento reforzado.,W4,0.2778529106665682,0.10 <= D_KS < 0.20 y p_FDR < 0.05,b32a492473e2e330
2026-08-28 06:19:24.818189+00:00,v_mean,PSI,0.7591441993033305,0.2,Drift significativo,"Evaluar reentrenamiento, rollback o intervención semi-automática.",W4,0.2778529106665682,PSI >= 0.20,d2f4a593e1f0952c
2026-08-28 06:19:24.818205+00:00,v_mean,KS,0.356,0.2,Drift significativo,"Evaluar reentrenamiento, rollback o intervención semi-automática.",W4,0.2778529106665682,D_KS >= 0.20 y p_FDR < 0.05,7496e094d9dc0ab5
